rank,rank_label,school_name,city,state,tuition,enrollment_full_time,summary,url
1,# 1 in Best Computer Science Schools (tie),Carnegie Mellon University,Pittsburgh,PA,"$61,406 per year (full-time) | $1,845 per credit (part-time)",1887,The School of Computer Science at Carnegie Mellon University has an application deadline of Dec. 10. The application...,https://www.usnews.com/best-graduate-schools/top-computer-science-schools/carnegie-mellon-university-43082
1,# 1 in Best Computer Science Schools (tie),Massachusetts Institute of Technology,Cambridge,MA,"$62,396 per year (full-time)",831,The Department of Electrical Engineering and Computer Science at Massachusetts Institute of Technology has an...,https://www.usnews.com/best-graduate-schools/top-computer-science-schools/massachusetts-institute-of-technology-43047
1,# 1 in Best Computer Science Schools (tie),Stanford University,Stanford,CA,"$65,865 per year (full-time)",1004,The Department of Computer Science at Stanford University has an application deadline of Dec. 2. The application fee is...,https://www.usnews.com/best-graduate-schools/top-computer-science-schools/stanford-university-43007
4,# 4 in Best Computer Science Schools,University of California--Berkeley,Berkeley,CA,"$37,892 per year (full-time)",291,The Department of Electrical Engineering and Computer Sciences at University of California--Berkeley has an application...,https://www.usnews.com/best-graduate-schools/top-computer-science-schools/university-of-california-berkeley-43008
5,# 5 in Best Computer Science Schools,University of Illinois--Urbana-Champaign,Urbana,IL,"$43,670 per year (full-time)",2902,The Siebel School of Computing and Data Science at University of Illinois--Urbana-Champaign has an application deadline...,https://www.usnews.com/best-graduate-schools/top-computer-science-schools/university-of-illinois-at-urbana-champaign-43032
6,# 6 in Best Computer Science Schools,Princeton University,,NJ,N/A,N/A,,https://www.usnews.com/best-graduate-schools/top-computer-science-schools/princeton-university-43057
7,# 7 in Best Computer Science Schools (tie),Cornell University,Ithaca,NY,"$75,384 per year (full-time)",535,The Department of Computer Science at Cornell University has an application deadline of Dec. 15. The application fee is...,https://www.usnews.com/best-graduate-schools/top-computer-science-schools/cornell-university-43062
7,# 7 in Best Computer Science Schools (tie),Georgia Institute of Technology,,GA,"$31,331 per year (full-time) | $2,009 per credit (part-time)",1329,The College of Computing at Georgia Institute of Technology has an application deadline of Dec. 15. The application fee...,https://www.usnews.com/best-graduate-schools/top-computer-science-schools/georgia-institute-of-technology-43027
7,# 7 in Best Computer Science Schools (tie),University of Washington,Seattle,WA,"$1,393 per credit (part-time)",520,The Computer Science and Engineering at University of Washington has an application deadline of Dec. 15. The...,https://www.usnews.com/best-graduate-schools/top-computer-science-schools/university-of-washington-seattle-campus-43104
10,# 10 in Best Computer Science Schools,University of Texas--Austin,Austin,TX,"$18,162 per year (full-time) | $1,913 per credit (part-time)",307,The Department of Computer Sciences at University of Texas--Austin has an application deadline of Dec. 15. The...,https://www.usnews.com/best-graduate-schools/top-computer-science-schools/the-university-of-texas-at-austin-43098
11,#11 in Best Computer Science Schools,University of Michigan--Ann Arbor,Ann Arbor,MI,"$61,248 per year (full-time) | $3,339 per credit (part-time)",502,The Electrical Engineering and Computer Science Department at University of Michigan--Ann Arbor has an application...,https://www.usnews.com/best-graduate-schools/top-computer-science-schools/university-of-michigan-ann-arbor-43050
12,#12 in Best Computer Science Schools (tie),California Institute of Technology,Pasadena,CA,N/A,11,The Computer Science Department at California Institute of Technology has an application deadline of Dec. 15. The...,https://www.usnews.com/best-graduate-schools/top-computer-science-schools/california-institute-of-technology-43005
12,#12 in Best Computer Science Schools (tie),University of California--San Diego,La Jolla,CA,"$30,299 per year (full-time)",1271,"The application fee is $135 for U.S. residents and $155 for international students. Its tuition is full-time: $30,29...",https://www.usnews.com/best-graduate-schools/top-computer-science-schools/university-of-california-san-diego-43012
12,#12 in Best Computer Science Schools (tie),University of Maryland--College Park,College Park,MD,"$39,014 per year (full-time) | $2,254 per credit (part-time)",516,The Department of Computer Science at University of Maryland--College Park has an application deadline of Dec. 5. The...,https://www.usnews.com/best-graduate-schools/top-computer-science-schools/university-of-maryland-college-park-43043
15,#15 in Best Computer Science Schools (tie),Columbia University,,NY,N/A,N/A,,https://www.usnews.com/best-graduate-schools/top-computer-science-schools/columbia-university-43061
15,#15 in Best Computer Science Schools (tie),Purdue University--West Lafayette,West Lafayette,IN,"$29,918 per year (full-time) | $948 per credit (part-time)",549,The Department of Computer Science at Purdue University--West Lafayette has an application deadline of Dec. 20. The...,https://www.usnews.com/best-graduate-schools/top-computer-science-schools/purdue-university-main-campus-43033
15,#15 in Best Computer Science Schools (tie),University of California--Los Angeles,,CA,N/A,N/A,,https://www.usnews.com/best-graduate-schools/top-computer-science-schools/university-of-california-los-angeles-43011
15,#15 in Best Computer Science Schools (tie),University of Wisconsin--Madison,Madison,WI,"$25,651 per year (full-time) | $1,642 per credit (part-time)",564,The Department of Computer Sciences at University of Wisconsin--Madison has an application deadline of Dec. 15. The...,https://www.usnews.com/best-graduate-schools/top-computer-science-schools/university-of-wisconsin-madison-43106
19,#19 in Best Computer Science Schools (tie),Harvard University,,MA,N/A,N/A,,https://www.usnews.com/best-graduate-schools/top-computer-science-schools/harvard-university-43046
19,#19 in Best Computer Science Schools (tie),University of Pennsylvania,Philadelphia,PA,"$54,470 per year (full-time)",1080,The Department of Computer and Information Science at University of Pennsylvania has an application deadline of Dec...,https://www.usnews.com/best-graduate-schools/top-computer-science-schools/university-of-pennsylvania-43086
21,#21 in Best Computer Science Schools (tie),Johns Hopkins University,Baltimore,MD,"$65,230 per year (full-time)",523,The Department of Computer Science at Johns Hopkins University has an application deadline of Dec. 15. The application...,https://www.usnews.com/best-graduate-schools/top-computer-science-schools/johns-hopkins-university-43042
21,#21 in Best Computer Science Schools (tie),University of Chicago,,IL,N/A,N/A,,https://www.usnews.com/best-graduate-schools/top-computer-science-schools/university-of-chicago-43109
21,#21 in Best Computer Science Schools (tie),University of Southern California,,CA,N/A,N/A,,https://www.usnews.com/best-graduate-schools/top-computer-science-schools/university-of-southern-california-43016
21,#21 in Best Computer Science Schools (tie),Yale University,New Haven,CT,"$49,500 per year (full-time) | $6,188 per credit (part-time)",186,The Department of Computer Science at Yale University has an application deadline of Dec. 15. The application fee is...,https://www.usnews.com/best-graduate-schools/top-computer-science-schools/yale-university-43020
25,#25 in Best Computer Science Schools (tie),Duke University,,NC,N/A,N/A,,https://www.usnews.com/best-graduate-schools/top-computer-science-schools/duke-university-43072
25,#25 in Best Computer Science Schools (tie),University of Massachusetts--Amherst,Amherst,MA,"$35,726 per year (full-time) | $2,018 per credit (part-time)",949,The Department of Computer Science at University of Massachusetts--Amherst has an application deadline of Dec. 15. The...,https://www.usnews.com/best-graduate-schools/top-computer-science-schools/university-of-massachusetts-amherst-43048
27,#27 in Best Computer Science Schools (tie),Brown University,Providence,RI,"$11,585 per credit (full-time) | $11,585 per credit (part-time)",397,The Department of Computer Science at Brown University has an application deadline of Dec. 15. The application fee is...,https://www.usnews.com/best-graduate-schools/top-computer-science-schools/brown-university-43088
27,#27 in Best Computer Science Schools (tie),New York University,,NY,N/A,N/A,,https://www.usnews.com/best-graduate-schools/top-computer-science-schools/new-york-university-43064
27,#27 in Best Computer Science Schools (tie),Northwestern University,,IL,N/A,N/A,,https://www.usnews.com/best-graduate-schools/top-computer-science-schools/northwestern-university-43030
27,#27 in Best Computer Science Schools (tie),Rice University,Houston,TX,"$57,550 per year (full-time) | $2,368 per credit (part-time)",402,The Department of Computer Science at Rice University has an application deadline of Jan. 1. The application fee is $8...,https://www.usnews.com/best-graduate-schools/top-computer-science-schools/rice-university-43092
27,#27 in Best Computer Science Schools (tie),University of California--Irvine,Irvine,CA,"$37,217 per year (full-time) | $23,096 per year (part-time)",940,The Donald Bren School of Information and Computer Sciences at University of California--Irvine has an application...,https://www.usnews.com/best-graduate-schools/top-computer-science-schools/university-of-california-irvine-43010
27,#27 in Best Computer Science Schools (tie),University of California--Santa Barbara,Santa Barbara,CA,"$30,552 per year (full-time)",209,The Department of Computer Science at University of California--Santa Barbara has an application deadline of Dec. 15...,https://www.usnews.com/best-graduate-schools/top-computer-science-schools/university-of-california-santa-barbara-43014
27,#27 in Best Computer Science Schools (tie),University of North Carolina--Chapel Hill,Chapel Hill,NC,"$20,744 per year (full-time)",192,The Department of Computer Science at University of North Carolina--Chapel Hill has an application deadline of March...,https://www.usnews.com/best-graduate-schools/top-computer-science-schools/university-of-north-carolina-chapel-hill-43073
34,#34 in Best Computer Science Schools (tie),Northeastern University,Boston,MA,"$1,785 per credit (full-time) | $1,785 per credit (part-time)",4229,The Khoury College of Computer Sciences at Northeastern University has an application deadline of Dec. 15. The...,https://www.usnews.com/best-graduate-schools/top-computer-science-schools/northeastern-university-43132
34,#34 in Best Computer Science Schools (tie),University of Colorado--Boulder,Boulder,CO,"$21,091 per year (full-time) | $11,695 per year (part-time)",452,The Department of Computer Science at University of Colorado--Boulder has an application deadline of Dec. 15. The...,https://www.usnews.com/best-graduate-schools/top-computer-science-schools/university-of-colorado-boulder-43018
34,#34 in Best Computer Science Schools (tie),University of Virginia,,VA,N/A,N/A,,https://www.usnews.com/best-graduate-schools/top-computer-science-schools/university-of-virginia-main-campus-43102
34,#34 in Best Computer Science Schools (tie),Virginia Tech,Blacksburg,VA,"$59,650 per year (full-time) | $22,827 per year (part-time)",967,The Department of Computer Science at Virginia Tech has an application deadline of Dec. 1. The application fee is $7...,https://www.usnews.com/best-graduate-schools/top-computer-science-schools/virginia-polytechnic-institute-and-state-university-43103
38,#38 in Best Computer Science Schools (tie),Ohio State University,Columbus,OH,"$43,250 per year (full-time) | $2,742 per credit (part-time)",438,The Computer Science and Engineering at Ohio State University has an application deadline of Dec. 15. The application...,https://www.usnews.com/best-graduate-schools/top-computer-science-schools/ohio-state-university-columbus-43075
38,#38 in Best Computer Science Schools (tie),Pennsylvania State University--University Park,University Park,PA,"$47,368 per year (full-time) | $2,040 per credit (part-time)",356,"The application fee is $65 for U.S. residents and $65 for international students. Its tuition is full-time: $47,368 per...",https://www.usnews.com/best-graduate-schools/top-computer-science-schools/pennsylvania-state-university-main-campus-43084
38,#38 in Best Computer Science Schools (tie),Texas A&M University--College Station,College Station,TX,"$1,534 per credit (full-time) | $1,534 per credit (part-time)",575,The Department of Computer Science and Engineering at Texas A&M University--College Station has an application deadline...,https://www.usnews.com/best-graduate-schools/top-computer-science-schools/texas-a-m-university-43094
38,#38 in Best Computer Science Schools (tie),University of California--Davis,Davis,CA,"$30,242 per year (full-time) | $16,310 per year (part-time)",393,"The application fee is $135 for U.S. residents and $155 for international students. Its tuition is full-time: $30,24...",https://www.usnews.com/best-graduate-schools/top-computer-science-schools/university-of-california-davis-43009
38,#38 in Best Computer Science Schools (tie),University of Minnesota--Twin Cities,Minneapolis,MN,"$3,469 per credit (full-time) | $2,774 per credit (part-time)",377,The Department of Computer Science and Engineering at University of Minnesota--Twin Cities has an application deadline...,https://www.usnews.com/best-graduate-schools/top-computer-science-schools/university-of-minnesota-twin-cities-43052
43,#43 in Best Computer Science Schools (tie),Arizona State University,Tempe,AZ,"$37,605 per year (full-time) | $1,860 per credit (part-time)",2878,"The application fee is $70 for U.S. residents and $115 for international students. Its tuition is full-time: $37,60...",https://www.usnews.com/best-graduate-schools/top-computer-science-schools/arizona-state-university-43003
43,#43 in Best Computer Science Schools (tie),Rutgers University--New Brunswick,Piscataway,NJ,"$37,689 per year (full-time) | $1,546 per credit (part-time)",300,The Department of Computer Science at Rutgers University--New Brunswick has an application deadline of Jan. 24. The...,https://www.usnews.com/best-graduate-schools/top-computer-science-schools/rutgers-university-43058
43,#43 in Best Computer Science Schools (tie),Stony Brook University--SUNY,Stony Brook,NY,"$29,242 per year (full-time) | $1,097 per credit (part-time)",667,The Department of Computer Science at Stony Brook University--SUNY has an application deadline of Jan. 15. The...,https://www.usnews.com/best-graduate-schools/top-computer-science-schools/stony-brook-university-43069
46,#46 in Best Computer Science Schools (tie),Boston University,,MA,"$67,626 per year (full-time) | $2,083 per credit (part-time)",1439,"Its tuition is full-time: $67,626 per year and part-time: $2,083 per credit. The 2025 Ph.D. student-faculty ratio is...",https://www.usnews.com/best-graduate-schools/top-computer-science-schools/boston-university-43045
46,#46 in Best Computer Science Schools (tie),North Carolina State University,,NC,N/A,N/A,,https://www.usnews.com/best-graduate-schools/top-computer-science-schools/north-carolina-state-university-at-raleigh-43116
46,#46 in Best Computer Science Schools (tie),University of Utah,,UT,N/A,N/A,,https://www.usnews.com/best-graduate-schools/top-computer-science-schools/university-of-utah-43100
46,#46 in Best Computer Science Schools (tie),Vanderbilt University,Nashville,TN,"$3,816 per credit (full-time) | $3,816 per credit (part-time)",289,The Department of Electrical Engineering and Computer Science at Vanderbilt University has an application deadline of...,https://www.usnews.com/best-graduate-schools/top-computer-science-schools/vanderbilt-university-43091
46,#46 in Best Computer Science Schools (tie),Washington University in St. Louis,St. Louis,MO,"$65,176 (full-time) | $2,284 (part-time)",277,The Department of Computer Science and Engineering at Washington University in St. Louis has an application deadline of...,https://www.usnews.com/best-graduate-schools/top-computer-science-schools/washington-university-in-st-louis-43055
51,#51 in Best Computer Science Schools (tie),Dartmouth College,,NH,N/A,N/A,,https://www.usnews.com/best-graduate-schools/top-computer-science-schools/dartmouth-college-43113
51,#51 in Best Computer Science Schools (tie),Indiana University--Bloomington,,IN,N/A,N/A,,https://www.usnews.com/best-graduate-schools/top-computer-science-schools/indiana-university-bloomington-43034
51,#51 in Best Computer Science Schools (tie),University of California--Santa Cruz,Santa Cruz,CA,"$36,771 per year (full-time) | $22,839 per year (part-time)",387,The Department of Computer Science at University of California--Santa Cruz has an application deadline of Jan. 5. The...,https://www.usnews.com/best-graduate-schools/top-computer-science-schools/university-of-california-santa-cruz-43015
51,#51 in Best Computer Science Schools (tie),University of Florida,Gainesville,FL,"$29,302 per year (full-time) | $1,220 per credit (part-time)",796,The Department of Computer and Information Science and Engineering at University of Florida has an application deadline...,https://www.usnews.com/best-graduate-schools/top-computer-science-schools/university-of-florida-43026
51,#51 in Best Computer Science Schools (tie),University of Pittsburgh,Pittsburgh,PA,"$49,132 per year (full-time) | $2,351 per credit (part-time)",109,The Department of Computer Science at University of Pittsburgh has an application deadline of Jan. 15. The application...,https://www.usnews.com/best-graduate-schools/top-computer-science-schools/university-of-pittsburgh-pittsburgh-campus-43087
56,#56 in Best Computer Science Schools (tie),Michigan State University,East Lansing,MI,"$3,762 per credit (full-time) | $3,762 per credit (part-time)",223,The Department of Computer Science and Engineering at Michigan State University has an application deadline of Dec. 31...,https://www.usnews.com/best-graduate-schools/top-computer-science-schools/michigan-state-university-43049
56,#56 in Best Computer Science Schools (tie),Tufts University,Medford,MA,"$1,827 per credit (full-time) | $1,827 per credit (part-time)",345,The Department of Computer Science at Tufts University has an application deadline of Dec. 15. The application fee is...,https://www.usnews.com/best-graduate-schools/top-computer-science-schools/tufts-university-43147
56,#56 in Best Computer Science Schools (tie),University of Notre Dame,,IN,N/A,N/A,,https://www.usnews.com/best-graduate-schools/top-computer-science-schools/university-of-notre-dame-43152
59,#59 in Best Computer Science Schools (tie),Iowa State University,Ames,IA,"$33,770 per year (full-time) | $2,154 per credit (part-time)",254,The Department of Computer Science at Iowa State University has an application deadline of Dec. 15. The application fee...,https://www.usnews.com/best-graduate-schools/top-computer-science-schools/iowa-state-university-43035
59,#59 in Best Computer Science Schools (tie),University of Arizona,Tucson,AZ,"$35,134 per year (full-time) | $1,975 per credit (part-time)",94,The Department of Computer Science at University of Arizona has an application deadline of Jan. 30. The application fee...,https://www.usnews.com/best-graduate-schools/top-computer-science-schools/university-of-arizona-at-tucson-43004
59,#59 in Best Computer Science Schools (tie),University of California--Riverside,,CA,N/A,N/A,,https://www.usnews.com/best-graduate-schools/top-computer-science-schools/university-of-california-riverside-43138
59,#59 in Best Computer Science Schools (tie),University of Illinois Chicago,,IL,N/A,N/A,,https://www.usnews.com/best-graduate-schools/top-computer-science-schools/university-of-illinois-chicago-43031
59,#59 in Best Computer Science Schools (tie),University of Rochester,Rochester,NY,"$39,310 per year (full-time) | $2,050 per credit (part-time)",117,The Department of Computer Science at University of Rochester has an application deadline of Jan. 5. The application...,https://www.usnews.com/best-graduate-schools/top-computer-science-schools/university-of-rochester-43071
59,#59 in Best Computer Science Schools (tie),University of Texas--Dallas,Richardson,TX,"$29,568 per year (full-time) | $1,643 per credit (part-time)",756,The Erik Jonsson School of Engineering and Computer Science at University of Texas--Dallas has an application deadline...,https://www.usnews.com/best-graduate-schools/top-computer-science-schools/university-of-texas-at-dallas-43099
65,#65 in Best Computer Science Schools (tie),George Mason University,Fairfax,VA,"$1,713 per credit (full-time) | $1,713 per credit (part-time)",1357,The Department of Computer Science at George Mason University has an application deadline of Dec. 1. The application...,https://www.usnews.com/best-graduate-schools/top-computer-science-schools/george-mason-university-43101
65,#65 in Best Computer Science Schools (tie),Toyota Technological Institute at Chicago,,IL,N/A,N/A,,https://www.usnews.com/best-graduate-schools/top-computer-science-schools/toyota-technological-institute-at-chicago-43204
65,#65 in Best Computer Science Schools (tie),University at Buffalo--SUNY,Buffalo,NY,"$28,210 per year (full-time) | $1,258 per credit (part-time)",959,The Department of Computer Science and Engineering at University at Buffalo--SUNY has an application deadline of Dec...,https://www.usnews.com/best-graduate-schools/top-computer-science-schools/university-at-buffalo-43068
65,#65 in Best Computer Science Schools (tie),University of Central Florida,,FL,N/A,N/A,,https://www.usnews.com/best-graduate-schools/top-computer-science-schools/university-of-central-florida-43025
69,#69 in Best Computer Science Schools (tie),Emory University,Atlanta,GA,"$48,750 per year (full-time) | $2,942 per credit (part-time)",154,The Laney Graduate School at Emory University has an application deadline of Dec. 15. The application fee is $75 for...,https://www.usnews.com/best-graduate-schools/top-computer-science-schools/emory-university-43187
69,#69 in Best Computer Science Schools (tie),George Washington University,Washington,DC,"$2,133 per credit (full-time) | $2,133 per credit (part-time)",574,The Department of Computer Science at George Washington University has an application deadline of Jan. 15. The...,https://www.usnews.com/best-graduate-schools/top-computer-science-schools/george-washington-university-43022
69,#69 in Best Computer Science Schools (tie),Oregon State University,Corvallis,OR,"$35,583 per year (full-time) | $1,205 per credit (part-time)",440,"The application fee is $75 for U.S. residents and $85 for international students. Its tuition is full-time: $35,583 per...",https://www.usnews.com/best-graduate-schools/top-computer-science-schools/oregon-state-university-43080
69,#69 in Best Computer Science Schools (tie),Rensselaer Polytechnic Institute,,NY,N/A,N/A,,https://www.usnews.com/best-graduate-schools/top-computer-science-schools/rensselaer-polytechnic-institute-43066
69,#69 in Best Computer Science Schools (tie),University of Delaware,Newark,DE,"$20,284 per year (full-time) | $1,069 per credit (part-time)",133,"The application fee is $75 for U.S. residents and $75 for international students. Its tuition is full-time: $20,284 per...",https://www.usnews.com/best-graduate-schools/top-computer-science-schools/university-of-delaware-43021
69,#69 in Best Computer Science Schools (tie),University of Iowa,Iowa City,IA,"$32,601 per year (full-time) | $1,149 per credit (part-time)",107,The Department of Computer Science at University of Iowa has an application deadline of Jan. 1. The application fee is...,https://www.usnews.com/best-graduate-schools/top-computer-science-schools/university-of-iowa-43036
69,#69 in Best Computer Science Schools (tie),William & Mary,Williamsburg,VA,"$36,684 per year (full-time) | $1,631 per credit (part-time)",119,The Department of Computer Science at William & Mary has an application deadline of May 1. The application fee is $50...,https://www.usnews.com/best-graduate-schools/top-computer-science-schools/college-of-william-and-mary-43124
76,#76 in Best Computer Science Schools (tie),Case Western Reserve University,,OH,N/A,N/A,,https://www.usnews.com/best-graduate-schools/top-computer-science-schools/case-western-reserve-university-43074
76,#76 in Best Computer Science Schools (tie),Georgetown University,,DC,N/A,N/A,,https://www.usnews.com/best-graduate-schools/top-computer-science-schools/georgetown-university-43200
76,#76 in Best Computer Science Schools (tie),Rochester Institute of Technology,,NY,N/A,N/A,,https://www.usnews.com/best-graduate-schools/top-computer-science-schools/rochester-institute-of-technology-43184
76,#76 in Best Computer Science Schools (tie),Syracuse University,Syracuse,NY,"$2,937 per credit (full-time) | $2,937 per credit (part-time)",368,The L. C. Smith College of Engineering and Computer Science at Syracuse University has an application deadline of Dec...,https://www.usnews.com/best-graduate-schools/top-computer-science-schools/syracuse-university-43070
76,#76 in Best Computer Science Schools (tie),University of Georgia,Athens,GA,"$14,887 per credit (full-time) | $10,164 per credit (part-time)",247,The Department of Computer Science at University of Georgia has an application deadline of July 1. The application fee...,https://www.usnews.com/best-graduate-schools/top-computer-science-schools/university-of-georgia-43140
76,#76 in Best Computer Science Schools (tie),University of Nebraska--Lincoln,,NE,N/A,N/A,,https://www.usnews.com/best-graduate-schools/top-computer-science-schools/university-of-nebraska-lincoln-43056
76,#76 in Best Computer Science Schools (tie),University of Tennessee--Knoxville,Knoxville,TN,"$1,970 per credit (full-time)",309,The Min H. Kao Department of Electrical Engineering and Computer Science at University of Tennessee--Knoxville has an...,https://www.usnews.com/best-graduate-schools/top-computer-science-schools/university-of-tennessee-knoxville-43121
83,#83 in Best Computer Science Schools (tie),Clemson University,Clemson,SC,"$2,239 per credit (full-time) | $2,239 per credit (part-time)",240,The School of Computing at Clemson University has an application deadline of Feb. 1. The application fee is $0 for U.S...,https://www.usnews.com/best-graduate-schools/top-computer-science-schools/clemson-university-43089
83,#83 in Best Computer Science Schools (tie),Colorado School of Mines,Golden,CO,"$45,824 (full-time)",134,"The application fee is $75 for U.S. residents and $95 for international students. Its tuition is full-time: $45,824...",https://www.usnews.com/best-graduate-schools/top-computer-science-schools/colorado-school-of-mines-43139
83,#83 in Best Computer Science Schools (tie),"University of Maryland, Baltimore County",Baltimore,MD,"$1,521 per credit (full-time) | $1,521 per credit (part-time)",244,"The Department of Computer Science and Electrical Engineering at University of Maryland, Baltimore County has an...",https://www.usnews.com/best-graduate-schools/top-computer-science-schools/university-of-maryland-baltimore-county-43044
83,#83 in Best Computer Science Schools (tie),University of Oregon,Eugene,OR,"$34,388 per year (full-time)",71,The Department of Computer and Information Science at University of Oregon has an application deadline of Dec. 15. The...,https://www.usnews.com/best-graduate-schools/top-computer-science-schools/university-of-oregon-43081
83,#83 in Best Computer Science Schools (tie),University of South Florida,Tampa,FL,$913 per credit (full-time) | $913 per credit (part-time),373,"The Bellini College of Artificial Intelligence, Cybersecurity, and Computing at University of South Florida has an...",https://www.usnews.com/best-graduate-schools/top-computer-science-schools/university-of-south-florida-43108
88,#88 in Best Computer Science Schools (tie),Auburn University,Auburn,AL,"$34,922 per year (full-time) | $2,773 per credit (part-time)",242,"The application fee is $60 for U.S. residents and $70 for international students. Its tuition is full-time: $34,922 per...",https://www.usnews.com/best-graduate-schools/top-computer-science-schools/auburn-university-43126
88,#88 in Best Computer Science Schools (tie),Florida State University,Tallahassee,FL,"$1,110 per credit (full-time) | $1,110 per credit (part-time)",229,The Department of Computer Science at Florida State University has an application deadline of June 1. The application...,https://www.usnews.com/best-graduate-schools/top-computer-science-schools/florida-state-university-43023
88,#88 in Best Computer Science Schools (tie),Lehigh University,,PA,N/A,N/A,,https://www.usnews.com/best-graduate-schools/top-computer-science-schools/lehigh-university-43083
88,#88 in Best Computer Science Schools (tie),New Jersey Institute of Technology,Newark,NJ,"$37,872 per year (full-time) | $2,104 per credit (part-time)",671,The Department of Computer Science at New Jersey Institute of Technology has an application deadline of Dec. 15. The...,https://www.usnews.com/best-graduate-schools/top-computer-science-schools/new-jersey-institute-of-technology-43133
88,#88 in Best Computer Science Schools (tie),Stevens Institute of Technology,Hoboken,NJ,"$44,494 per year (full-time) | $2,734 per credit (part-time)",882,The Department of Computer Science at Stevens Institute of Technology has an application deadline of Jan. 15. The...,https://www.usnews.com/best-graduate-schools/top-computer-science-schools/stevens-institute-of-technology-43059
88,#88 in Best Computer Science Schools (tie),University of Connecticut,,CT,N/A,N/A,,https://www.usnews.com/best-graduate-schools/top-computer-science-schools/university-of-connecticut-43019
88,#88 in Best Computer Science Schools (tie),University of Texas--Arlington,,TX,N/A,N/A,,https://www.usnews.com/best-graduate-schools/top-computer-science-schools/the-university-of-texas-at-arlington-43097
88,#88 in Best Computer Science Schools (tie),Worcester Polytechnic Institute,Worcester,MA,"$1,670 per credit (full-time) | $1,640 per credit (part-time)",237,"The application fee is $70 for U.S. residents and $70 for international students. Its tuition is full-time: $1,670 per...",https://www.usnews.com/best-graduate-schools/top-computer-science-schools/worcester-polytechnic-institute-43154
96,#96 in Best Computer Science Schools (tie),Binghamton University--SUNY,Binghamton,NY,"$27,140 per year (full-time) | $1,170 per credit (part-time)",681,"The application fee is $75 for U.S. residents and $75 for international students. Its tuition is full-time: $27,140 per...",https://www.usnews.com/best-graduate-schools/top-computer-science-schools/binghamton-university-suny-43067
96,#96 in Best Computer Science Schools (tie),Colorado State University,,CO,N/A,N/A,,https://www.usnews.com/best-graduate-schools/top-computer-science-schools/colorado-state-university-43017
96,#96 in Best Computer Science Schools (tie),Drexel University,Philadelphia,PA,"$1,481 per credit (full-time) | $1,481 per credit (part-time)",281,The Department of Computer Science at Drexel University has an application deadline of Dec. 15. The application fee is...,https://www.usnews.com/best-graduate-schools/top-computer-science-schools/drexel-university-43120
96,#96 in Best Computer Science Schools (tie),Illinois Institute of Technology,Chicago,IL,"$33,790 per year (full-time) | $2,480 per credit (part-time)",1375,The Department of Computer Science at Illinois Institute of Technology has an application deadline of Jan. 31. The...,https://www.usnews.com/best-graduate-schools/top-computer-science-schools/illinois-institute-of-technology-43029
96,#96 in Best Computer Science Schools (tie),Temple University,Philadelphia,PA,"$1,951 per credit (full-time) | $1,951 per year (part-time)",31,The Department of Computer and Information Sciences at Temple University has an application deadline of Nov. 1. The...,https://www.usnews.com/best-graduate-schools/top-computer-science-schools/temple-university-43085
96,#96 in Best Computer Science Schools (tie),University of Kansas,,KS,N/A,N/A,,https://www.usnews.com/best-graduate-schools/top-computer-science-schools/university-of-kansas-medical-center-43038
96,#96 in Best Computer Science Schools (tie),University of Kentucky,,KY,N/A,N/A,,https://www.usnews.com/best-graduate-schools/top-computer-science-schools/university-of-kentucky-43110
96,#96 in Best Computer Science Schools (tie),University of North Carolina--Charlotte,Charlotte,NC,"$24,132 per year (full-time)",1076,The Department of Computer Science at University of North Carolina--Charlotte has an application deadline of Jan. 1...,https://www.usnews.com/best-graduate-schools/top-computer-science-schools/university-of-north-carolina-at-charlotte-43158
96,#96 in Best Computer Science Schools (tie),University of South Carolina,,SC,N/A,N/A,,https://www.usnews.com/best-graduate-schools/top-computer-science-schools/university-of-south-carolina-43090
96,#96 in Best Computer Science Schools (tie),Washington State University,,WA,N/A,N/A,,https://www.usnews.com/best-graduate-schools/top-computer-science-schools/washington-state-university-43105
106,#106 in Best Computer Science Schools (tie),Brandeis University,Waltham,MA,N/A,83,The Michtom School of Computer Science at Brandeis University has an application deadline of Jan. 15. The application...,https://www.usnews.com/best-graduate-schools/top-computer-science-schools/brandeis-university-43111
106,#106 in Best Computer Science Schools (tie),Brigham Young University,Provo,UT,"$8,416 (full-time) | $3,218 (part-time)",102,The Computer Science Department at Brigham Young University has an application deadline of Dec. 15. The application fee...,https://www.usnews.com/best-graduate-schools/top-computer-science-schools/brigham-young-university-provo-43123
106,#106 in Best Computer Science Schools (tie),Florida International University,Miami,FL,"$25,029 per year (full-time) | $1,002 per credit (part-time)",447,The School of Computing and Information Sciences at Florida International University has an application deadline of...,https://www.usnews.com/best-graduate-schools/top-computer-science-schools/florida-international-university-43146
106,#106 in Best Computer Science Schools (tie),Kansas State University,Manhattan,KS,"$1,125 per credit (full-time) | $1,125 per credit (part-time)",79,"The application fee is $65 for U.S. residents and $75 for international students. Its tuition is full-time: $1,125 per...",https://www.usnews.com/best-graduate-schools/top-computer-science-schools/kansas-state-university-43157
106,#106 in Best Computer Science Schools (tie),Rutgers University--Newark,,NJ,N/A,N/A,,https://www.usnews.com/best-graduate-schools/top-computer-science-schools/rutgers-university-43210
106,#106 in Best Computer Science Schools (tie),Tulane University,New Orleans,LA,"$3,180 per credit (full-time) | $2,528 per credit (part-time)",70,The School of Engineering at Tulane University has an application deadline of Jan. 5. The application fee is $0 for...,https://www.usnews.com/best-graduate-schools/top-computer-science-schools/tulane-university-of-louisiana-43040
106,#106 in Best Computer Science Schools (tie),University of California--Merced,,CA,N/A,N/A,,https://www.usnews.com/best-graduate-schools/top-computer-science-schools/university-of-california-merced-43190
106,#106 in Best Computer Science Schools (tie),University of Houston,Houston,TX,"$16,398 per year (full-time) | $1,351 per credit (part-time)",190,The Department of Computer Science at University of Houston has an application deadline of June 1. The application fee...,https://www.usnews.com/best-graduate-schools/top-computer-science-schools/university-of-houston-43095
106,#106 in Best Computer Science Schools (tie),University of New Mexico,Albuquerque,NM,"$1,323 per credit (full-time)",102,The Department of Computer Science at University of New Mexico has an application deadline of July 1. The application...,https://www.usnews.com/best-graduate-schools/top-computer-science-schools/university-of-new-mexico-main-campus-43114
115,#115 in Best Computer Science Schools (tie),Georgia State University,Atlanta,GA,"$1,458 per credit (full-time) | $1,458 per credit (part-time)",397,The Department of Computer Science at Georgia State University has an application deadline of March 15. The application...,https://www.usnews.com/best-graduate-schools/top-computer-science-schools/georgia-state-university-43028
115,#115 in Best Computer Science Schools (tie),Howard University,Washington,DC,"$39,178 per year (full-time) | $2,811 per credit (part-time)",42,The Department of Electrical Engineering and Computer Science at Howard University has an application deadline of April...,https://www.usnews.com/best-graduate-schools/top-computer-science-schools/howard-university-43201
115,#115 in Best Computer Science Schools (tie),Naval Postgraduate School,,CA,N/A,N/A,,https://www.usnews.com/best-graduate-schools/top-computer-science-schools/naval-postgraduate-school-43006
115,#115 in Best Computer Science Schools (tie),The University of Oklahoma,Norman,OK,"$1,226 per credit (full-time) | $1,226 (part-time)",183,The School of Computer Science at The University of Oklahoma has an application deadline of April 1. The application...,https://www.usnews.com/best-graduate-schools/top-computer-science-schools/university-of-oklahoma-43078
115,#115 in Best Computer Science Schools (tie),The University of Texas--San Antonio,San Antonio,TX,"$28,537 per year (full-time) | $19,265 per year (part-time)",181,The Department of Computer Science at The University of Texas--San Antonio has an application deadline of Feb. 1. The...,https://www.usnews.com/best-graduate-schools/top-computer-science-schools/the-university-of-texas-at-san-antonio-43180
115,#115 in Best Computer Science Schools (tie),University at Albany--SUNY,Albany,NY,"$1,154 per credit (full-time) | $1,154 per credit (part-time)",272,The Department of Computer Science at University at Albany--SUNY has an application deadline of Aug. 25. The...,https://www.usnews.com/best-graduate-schools/top-computer-science-schools/suny-at-albany-43115
115,#115 in Best Computer Science Schools (tie),University of Alabama,Tuscaloosa,AL,"$34,172 per year (full-time) | $1,710 per credit (part-time)",78,"The application fee is $65 for U.S. residents and $80 for international students. Its tuition is full-time: $34,172 per...",https://www.usnews.com/best-graduate-schools/top-computer-science-schools/university-of-alabama-43136
115,#115 in Best Computer Science Schools (tie),University of Cincinnati,Cincinnati,OH,"$27,652 per year (full-time) | $638 per credit (part-time)",584,The Department of Computer Science at University of Cincinnati has an application deadline of June 14. The application...,https://www.usnews.com/best-graduate-schools/top-computer-science-schools/university-of-cincinnati-43076
115,#115 in Best Computer Science Schools (tie),University of Hawaii--Manoa,,HI,N/A,N/A,,https://www.usnews.com/best-graduate-schools/top-computer-science-schools/university-of-hawaii-manoa-43129
115,#115 in Best Computer Science Schools (tie),University of Missouri,,MO,N/A,N/A,,https://www.usnews.com/best-graduate-schools/top-computer-science-schools/university-of-missouri-columbia-43151
115,#115 in Best Computer Science Schools (tie),Wayne State University,Detroit,MI,"$1,918 per credit (full-time) | $1,918 per credit (part-time)",104,The Department of Computer Science at Wayne State University has an application deadline of Feb. 17. The application...,https://www.usnews.com/best-graduate-schools/top-computer-science-schools/wayne-state-university-43051
126,#126 in Best Computer Science Schools (tie),Louisiana State University--Baton Rouge,Baton Rouge,LA,"$29,448 per year (full-time) | $13,067 per year (part-time)",143,The Department of Computer Science at Louisiana State University--Baton Rouge has an application deadline of July 1...,https://www.usnews.com/best-graduate-schools/top-computer-science-schools/louisiana-state-university-and-agricultural--mechanical-college-43039
126,#126 in Best Computer Science Schools (tie),Missouri University of Science & Technology,Rolla,MO,"$23,560 per year (full-time) | $1,296 per credit (part-time)",175,The Department of Computer Science at Missouri University of Science & Technology has an application deadline of Sept...,https://www.usnews.com/best-graduate-schools/top-computer-science-schools/missouri-s-t-43054
126,#126 in Best Computer Science Schools (tie),Southern Methodist University,,TX,N/A,N/A,,https://www.usnews.com/best-graduate-schools/top-computer-science-schools/southern-methodist-university-43093
126,#126 in Best Computer Science Schools (tie),University of Massachusetts--Boston,,MA,"$38,281 per credit (full-time) | $5,077 per credit (part-time)",177,The College of Science and Mathematics at University of Massachusetts--Boston has an application deadline of June 1...,https://www.usnews.com/best-graduate-schools/top-computer-science-schools/university-of-massachusetts-boston-43169
126,#126 in Best Computer Science Schools (tie),University of Massachusetts--Lowell,Lowell,MA,N/A,238,The 2025 Ph.D. student-faculty ratio is 1.7:1. The Department of Computer Science at University of...,https://www.usnews.com/best-graduate-schools/top-computer-science-schools/university-of-massachusetts-lowell-43112
126,#126 in Best Computer Science Schools (tie),University of Miami,Coral Gables,FL,"$3,860 per credit (full-time) | $3,860 per credit (part-time)",21,The College of Arts & Sciences at University of Miami has an application deadline of July 15. The application fee is...,https://www.usnews.com/best-graduate-schools/top-computer-science-schools/university-of-miami-43203
126,#126 in Best Computer Science Schools (tie),University of Vermont,Burlington,VT,"$1,780 per credit (full-time) | $1,780 (part-time)",56,"The application fee is $65 for U.S. residents and $65 for international students. Its tuition is full-time: $1,780 per...",https://www.usnews.com/best-graduate-schools/top-computer-science-schools/university-of-vermont-43188
133,#133 in Best Computer Science Schools (tie),CUNY Graduate School and University Center,New York,NY,N/A,90,The Ph.D. Program in Computer Science at CUNY Graduate School and University Center has an application deadline of Jan...,https://www.usnews.com/best-graduate-schools/top-computer-science-schools/cuny-graduate-school-and-university-center-43063
133,#133 in Best Computer Science Schools (tie),Florida Atlantic University,Boca Raton,FL,$996 per credit (full-time) | $996 per credit (part-time),959,The Computer & Electrical Engineering and Computer Science at Florida Atlantic University has an application deadline...,https://www.usnews.com/best-graduate-schools/top-computer-science-schools/florida-atlantic-university-43127
133,#133 in Best Computer Science Schools (tie),Indiana University Indianapolis,,IN,N/A,N/A,,https://www.usnews.com/best-graduate-schools/top-computer-science-schools/indiana-university-indianapolis-43205
133,#133 in Best Computer Science Schools (tie),Michigan Technological University,Houghton,MI,"$28,054 per year (full-time) | $1,559 per credit (part-time)",56,"The application fee is $0 for U.S. residents and $10 for international students. Its tuition is full-time: $28,054 per...",https://www.usnews.com/best-graduate-schools/top-computer-science-schools/michigan-technological-university-43160
133,#133 in Best Computer Science Schools (tie),Mississippi State University,Mississippi State,MS,"$27,637 per year (full-time) | $1,545 per credit (part-time)",174,The Department of Computer Science and Engineering at Mississippi State University has an application deadline of Aug...,https://www.usnews.com/best-graduate-schools/top-computer-science-schools/mississippi-state-university-43053
133,#133 in Best Computer Science Schools (tie),Oklahoma State University,,OK,N/A,N/A,,https://www.usnews.com/best-graduate-schools/top-computer-science-schools/oklahoma-state-university-main-campus-43077
133,#133 in Best Computer Science Schools (tie),Texas Tech University,Lubbock,TX,"$20,771 per year (full-time) | $753 per credit (part-time)",550,The Department of Computer Science at Texas Tech University has an application deadline of Sept. 10. The application...,https://www.usnews.com/best-graduate-schools/top-computer-science-schools/texas-tech-university-43122
133,#133 in Best Computer Science Schools (tie),University of Arkansas--Fayetteville,,AR,N/A,N/A,,https://www.usnews.com/best-graduate-schools/top-computer-science-schools/university-of-arkansas-fayetteville-43137
133,#133 in Best Computer Science Schools (tie),University of Louisiana--Lafayette,,LA,N/A,N/A,,https://www.usnews.com/best-graduate-schools/top-computer-science-schools/university-of-louisiana-at-lafayette-43041
133,#133 in Best Computer Science Schools (tie),University of Nevada--Las Vegas,Las Vegas,NV,"$25,555 per year (full-time) | $1,612 per credit (part-time)",183,The Howard R. Hughes College of Engineering at University of Nevada--Las Vegas has an application deadline of Aug. 1...,https://www.usnews.com/best-graduate-schools/top-computer-science-schools/university-of-nevada-las-vegas-43211
133,#133 in Best Computer Science Schools (tie),University of New Hampshire,,NH,N/A,N/A,,https://www.usnews.com/best-graduate-schools/top-computer-science-schools/university-of-new-hampshire-43192
133,#133 in Best Computer Science Schools (tie),University of North Texas,,TX,N/A,N/A,,https://www.usnews.com/best-graduate-schools/top-computer-science-schools/university-of-north-texas-43096
133,#133 in Best Computer Science Schools (tie),University of Rhode Island,Kingston,RI,"$33,148 per year (full-time) | $1,823 per credit (part-time)",54,The Department of Computer Science & Statistics at University of Rhode Island has an application deadline of July 15...,https://www.usnews.com/best-graduate-schools/top-computer-science-schools/university-of-rhode-island-43193
133,#133 in Best Computer Science Schools (tie),University of Texas--El Paso,El Paso,TX,"$8,846 per credit (full-time) | $5,982 per credit (part-time)",144,The Department of Computer Science at University of Texas--El Paso has an application deadline of July 15. The...,https://www.usnews.com/best-graduate-schools/top-computer-science-schools/university-of-texas-el-paso-43179
133,#133 in Best Computer Science Schools (tie),University of Wisconsin--Milwaukee,,WI,N/A,N/A,,https://www.usnews.com/best-graduate-schools/top-computer-science-schools/university-of-wisconsin-milwaukee-43145
133,#133 in Best Computer Science Schools (tie),Utah State University,,UT,"$24,773 per year (full-time) | $17,818 per year (part-time)",103,"The application fee is $55 for U.S. residents and $55 for international students. Its tuition is full-time: $24,773 per...",https://www.usnews.com/best-graduate-schools/top-computer-science-schools/utah-state-university-cehs-43181
133,#133 in Best Computer Science Schools (tie),Virginia Commonwealth University,Richmond,VA,"$19,041 per year (full-time) | $1,059 per credit (part-time)",126,The School of Engineering at Virginia Commonwealth University has an application deadline of June 1. The application...,https://www.usnews.com/best-graduate-schools/top-computer-science-schools/virginia-commonwealth-university-43182
133,#133 in Best Computer Science Schools (tie),West Virginia University,Morgantown,WV,"$2,003 per credit (full-time) | $2,003 per credit (part-time)",58,"The application fee is $75 for U.S. residents and $75 for international students. Its tuition is full-time: $2,003 per...",https://www.usnews.com/best-graduate-schools/top-computer-science-schools/west-virginia-university-43144
151,#151 in Best Computer Science Schools (tie),Air Force Institute of Technology,,OH,N/A,N/A,,https://www.usnews.com/best-graduate-schools/top-computer-science-schools/air-force-institute-of-technology-graduate-school-of-engineering--management-43176
151,#151 in Best Computer Science Schools (tie),Boise State University,Boise,ID,"$29,543 per year (full-time) | $970 per credit (part-time)",128,The computer science school at Boise State University has an application deadline of Oct. 1. The application fee is $6...,https://www.usnews.com/best-graduate-schools/top-computer-science-schools/boise-state-university-43413
151,#151 in Best Computer Science Schools (tie),DePaul University,,IL,N/A,N/A,,https://www.usnews.com/best-graduate-schools/top-computer-science-schools/depaul-university-43141
151,#151 in Best Computer Science Schools (tie),Florida Institute of Technology,Melbourne,FL,"$1,730 per credit (full-time) | $1,425 per credit (part-time)",167,"The application fee is $60 for U.S. residents and $60 for international students. Its tuition is full-time: $1,730 per...",https://www.usnews.com/best-graduate-schools/top-computer-science-schools/florida-institute-of-technology-43128
151,#151 in Best Computer Science Schools (tie),New Mexico State University,,NM,N/A,N/A,,https://www.usnews.com/best-graduate-schools/top-computer-science-schools/new-mexico-state-university-43060
151,#151 in Best Computer Science Schools (tie),Old Dominion University,Norfolk,VA,"$1,468 per credit (full-time) | $1,468 per credit (part-time)",233,The Department of Computer Science at Old Dominion University has an application deadline of June 1. The application...,https://www.usnews.com/best-graduate-schools/top-computer-science-schools/old-dominion-university-43125
151,#151 in Best Computer Science Schools (tie),Portland State University,Portland,OR,"$22,618 per year (full-time) | $763 per credit (part-time)",228,The Maseeh College of Engineering & Computer Science at Portland State University has an application deadline of Dec...,https://www.usnews.com/best-graduate-schools/top-computer-science-schools/portland-state-university-43177
151,#151 in Best Computer Science Schools (tie),Towson University,,MD,N/A,N/A,,https://www.usnews.com/best-graduate-schools/top-computer-science-schools/towson-university-43168
151,#151 in Best Computer Science Schools (tie),University of Alabama at Birmingham,,AL,N/A,N/A,,https://www.usnews.com/best-graduate-schools/top-computer-science-schools/university-of-alabama-at-birmingham-43001
151,#151 in Best Computer Science Schools (tie),University of Colorado--Colorado Springs,Colorado Springs,CO,"$2,048 per credit (full-time) | $2,048 per credit (part-time)",118,The College of Engineering and Applied Science at University of Colorado--Colorado Springs has an application deadline...,https://www.usnews.com/best-graduate-schools/top-computer-science-schools/university-of-colorado-colorado-springs-43163
151,#151 in Best Computer Science Schools (tie),University of Idaho,,ID,"$30,052 per year (full-time) | $1,670 per credit (part-time)",69,The Computer Science Department at University of Idaho has an application deadline of July 30. Its tuition is...,https://www.usnews.com/best-graduate-schools/top-computer-science-schools/university-of-idaho-43148
151,#151 in Best Computer Science Schools (tie),University of Louisville,Louisville,KY,"$30,551 per year (full-time) | $1,687 per credit (part-time)",280,"The application fee is $65 for U.S. residents and $65 for international students. Its tuition is full-time: $30,551 per...",https://www.usnews.com/best-graduate-schools/top-computer-science-schools/university-of-louisville-43131
151,#151 in Best Computer Science Schools (tie),University of Maine,Orono,ME,"$21,273 per year (full-time) | $10,681 per year (part-time)",128,The Department of Computer Science at University of Maine has an application deadline of Jan. 15. The application fee...,https://www.usnews.com/best-graduate-schools/top-computer-science-schools/university-of-maine-43149
151,#151 in Best Computer Science Schools (tie),University of Memphis,Memphis,TN,"$15,840 per year (full-time) | $880 per credit (part-time)",185,"The application fee is $35 for U.S. residents and $60 for international students. Its tuition is full-time: $15,840 per...",https://www.usnews.com/best-graduate-schools/top-computer-science-schools/university-of-memphis-43150
151,#151 in Best Computer Science Schools (tie),University of Michigan--Dearborn,Dearborn,MI,"$31,440 per year (full-time) | $31,440 per year (part-time)",469,The College of Engineering & Computer Science at University of Michigan--Dearborn has an application deadline of Feb...,https://www.usnews.com/best-graduate-schools/top-computer-science-schools/university-of-michigan-dearborn-43208
151,#151 in Best Computer Science Schools (tie),University of Mississippi,,MS,N/A,N/A,,https://www.usnews.com/best-graduate-schools/top-computer-science-schools/university-of-mississippi-main-campus-43143
151,#151 in Best Computer Science Schools (tie),University of Nebraska--Omaha,,NE,N/A,N/A,,https://www.usnews.com/best-graduate-schools/top-computer-science-schools/university-of-nebraska-at-omaha-43173
151,#151 in Best Computer Science Schools (tie),University of Wyoming,Laramie,WY,"$21,821 per year (full-time) | $1,006 per credit (part-time)",36,The Department of Electrical Engineering and Computer Science at University of Wyoming has an application deadline of...,https://www.usnews.com/best-graduate-schools/top-computer-science-schools/university-of-wyoming-43183
169,#169 in Best Computer Science Schools (tie),Embry-Riddle Aeronautical University -- Daytona Beach,Daytona Beach,FL,"$22,870 per year (full-time) | $3,433 per credit (part-time)",15,"The application fee is $50 for U.S. residents and $50 for international students. Its tuition is full-time: $22,870 per...",https://www.usnews.com/best-graduate-schools/top-computer-science-schools/embry-riddle-aeronautical-university---daytona-beach-43615
169,#169 in Best Computer Science Schools (tie),Kent State University,Kent,OH,"$25,091 per year (full-time) | $1,141 per credit (part-time)",351,The Department of Computer Science at Kent State University has an application deadline of June 15. The application fee...,https://www.usnews.com/best-graduate-schools/top-computer-science-schools/kent-state-university-kent-campus-43118
169,#169 in Best Computer Science Schools (tie),Marquette University,,WI,N/A,N/A,,https://www.usnews.com/best-graduate-schools/top-computer-science-schools/marquette-university-43196
169,#169 in Best Computer Science Schools (tie),Montana State University,,MT,N/A,N/A,,https://www.usnews.com/best-graduate-schools/top-computer-science-schools/montana-state-university-43172
169,#169 in Best Computer Science Schools (tie),Texas State University,San Marcos,TX,"$21,455 per year (full-time) | $925 per credit (part-time)",194,The computer science school at Texas State University has an application deadline of Aug. 1. The application fee is $5...,https://www.usnews.com/best-graduate-schools/top-computer-science-schools/texas-state-university-43301
169,#169 in Best Computer Science Schools (tie),University of Alabama--Huntsville,Huntsville,AL,"$28,270 per year (full-time) | $1,720 per credit (part-time)",133,"The application fee is $60 for U.S. residents and $60 for international students. Its tuition is full-time: $28,270 per...",https://www.usnews.com/best-graduate-schools/top-computer-science-schools/university-of-alabama-in-huntsville-43002
169,#169 in Best Computer Science Schools (tie),University of Missouri--Kansas City,Kansas City,MO,"$24,580 per year (full-time) | $16,107 per year (part-time)",469,The Department of Computer Science and Electrical Engineering at University of Missouri--Kansas City has an application...,https://www.usnews.com/best-graduate-schools/top-computer-science-schools/university-of-missouri-kansas-city-43130
169,#169 in Best Computer Science Schools (tie),University of Nevada--Reno,,NV,N/A,N/A,,https://www.usnews.com/best-graduate-schools/top-computer-science-schools/university-of-nevada-reno-43174
169,#169 in Best Computer Science Schools (tie),University of Tulsa,Tulsa,OK,"$2,680 per credit (full-time) | $2,680 per credit (part-time)",73,The Department of Mathematical and Computer Sciences at University of Tulsa has an application deadline of Feb. 1. The...,https://www.usnews.com/best-graduate-schools/top-computer-science-schools/university-of-tulsa-43159
169,#169 in Best Computer Science Schools (tie),Wichita State University,Wichita,KS,$854 per credit (full-time) | $854 per credit (part-time),124,The application fee is $60 for U.S. residents and $75 for international students. Its tuition is full-time: $854 per...,https://www.usnews.com/best-graduate-schools/top-computer-science-schools/wichita-state-university-43206
169,#169 in Best Computer Science Schools (tie),Wright State University,,OH,N/A,N/A,,https://www.usnews.com/best-graduate-schools/top-computer-science-schools/wright-state-university-43119
180,#180 in Best Computer Science Schools (tie),Claremont Graduate University,,CA,N/A,N/A,,https://www.usnews.com/best-graduate-schools/top-computer-science-schools/claremont-graduate-university-43107
180,#180 in Best Computer Science Schools (tie),Dakota State University,Madison,SD,"$15,908 per year (full-time) | $9,942 per year (part-time)",83,The Beacom College of Computer and Cyber Sciences at Dakota State University has an application deadline of May 1. The...,https://www.usnews.com/best-graduate-schools/top-computer-science-schools/dakota-state-university-43185
180,#180 in Best Computer Science Schools (tie),New Mexico Institute of Mining and Technology,Socorro,NM,"$28,835 per year (full-time) | $6,712 per year (part-time)",469,The Department of Computer Science at New Mexico Institute of Mining and Technology has an application deadline of Jan...,https://www.usnews.com/best-graduate-schools/top-computer-science-schools/new-mexico-institute-of-mining-and-technology-43134
180,#180 in Best Computer Science Schools (tie),North Carolina A&T State University,,NC,N/A,N/A,,https://www.usnews.com/best-graduate-schools/top-computer-science-schools/north-carolina-a--t-state-university-43209
180,#180 in Best Computer Science Schools (tie),North Dakota State University,Fargo,ND,$763 per credit (full-time) | $763 per credit (part-time),139,The Computer Science Department at North Dakota State University has an application deadline of Feb. 1. The application...,https://www.usnews.com/best-graduate-schools/top-computer-science-schools/north-dakota-state-university-43117
180,#180 in Best Computer Science Schools (tie),Southern Illinois University--Carbondale,"Carbondale, IL",IL,"$16,700 per year (full-time) | $2,312 per credit (part-time)",135,"The College of Agricultural, Life, and Physical Sciences at Southern Illinois University--Carbondale has an application...",https://www.usnews.com/best-graduate-schools/top-computer-science-schools/southern-illinois-university-carbondale-43189
180,#180 in Best Computer Science Schools (tie),University of Arkansas--Little Rock,,AR,N/A,N/A,,https://www.usnews.com/best-graduate-schools/top-computer-science-schools/university-of-arkansas-at-little-rock-43162
180,#180 in Best Computer Science Schools (tie),University of Colorado--Denver,Denver,CO,"$1,989 per credit (full-time) | $1,989 per credit (part-time)",165,"The application fee is $50 for U.S. residents and $75 for international students. Its tuition is full-time: $1,989 per...",https://www.usnews.com/best-graduate-schools/top-computer-science-schools/university-of-colorado-denver-43164
180,#180 in Best Computer Science Schools (tie),University of Denver,Denver,CO,"$42,149 per year (full-time) | $20,835 per year (part-time)",190,The computer science school at University of Denver has an application deadline of Feb. 14. The application fee is $6...,https://www.usnews.com/best-graduate-schools/top-computer-science-schools/university-of-denver-43165
180,#180 in Best Computer Science Schools (tie),University of Puerto Rico--Mayaguez,PR,,N/A,N/A,,https://www.usnews.com/best-graduate-schools/top-computer-science-schools/university-of-puerto-rico-mayaguez-43191
190,#190 in Best Computer Science Schools (tie),Clarkson University,,NY,N/A,N/A,,https://www.usnews.com/best-graduate-schools/top-computer-science-schools/clarkson-university-43965
190,#190 in Best Computer Science Schools (tie),Northern Arizona University,Flagstaff,AZ,"$31,979 per year (full-time) | $1,704 per credit (part-time)",176,"The application fee is $75 for U.S. residents and $75 for international students. Its tuition is full-time: $31,979 per...",https://www.usnews.com/best-graduate-schools/top-computer-science-schools/northern-arizona-university-43931
190,#190 in Best Computer Science Schools (tie),Oakland University,Rochester,MI,"$1,027 per credit (full-time) | $1,027 per credit (part-time)",161,The Department of Computer Science and Engineering at Oakland University has an application deadline of July 15. The...,https://www.usnews.com/best-graduate-schools/top-computer-science-schools/oakland-university-43161
190,#190 in Best Computer Science Schools (tie),Tennessee Technological University,Cookeville,TN,"$1,383 per credit (full-time) | $806 per credit (part-time)",80,The College of Engineering at Tennessee Technological University has an application deadline of Aug. 1. The application...,https://www.usnews.com/best-graduate-schools/top-computer-science-schools/tennessee-technological-university-43216
190,#190 in Best Computer Science Schools (tie),University of New Orleans,New Orleans,LA,"$13,903 (full-time) | $1,544 per year (part-time)",44,The Department of Computer Science at University of New Orleans has an application deadline of Aug. 15. The application...,https://www.usnews.com/best-graduate-schools/top-computer-science-schools/university-of-new-orleans-43167
195,#195 in Best Computer Science Schools (tie),Nova Southeastern University,Fort Lauderdale,FL,"$1,079 per credit (full-time) | $1,079 per credit (part-time)",73,"The application fee is $50 for U.S. residents and $50 for international students. Its tuition is full-time: $1,079 per...",https://www.usnews.com/best-graduate-schools/top-computer-science-schools/nova-southeastern-university-43024
195,#195 in Best Computer Science Schools (tie),Pace University,New York,NY,"$1,590 per credit (full-time) | $3,180 per credit (part-time)",1514,The Seidenberg School of Computer Science and Information Systems at Pace University has an application deadline of...,https://www.usnews.com/best-graduate-schools/top-computer-science-schools/pace-university-43213
195,#195 in Best Computer Science Schools (tie),University of Southern Mississippi,,MS,N/A,N/A,,https://www.usnews.com/best-graduate-schools/top-computer-science-schools/university-of-southern-mississippi-43153
198,#198 in Best Computer Science Schools (tie),Bowie State University,Bowie,MD,"$16,241 per year (full-time) | $875 per credit (part-time)",93,The Department of Computer Science at Bowie State University has an application deadline of July 1. The application fee...,https://www.usnews.com/best-graduate-schools/top-computer-science-schools/bowie-state-university-43198
198,#198 in Best Computer Science Schools (tie),Chapman University,,CA,N/A,N/A,,https://www.usnews.com/best-graduate-schools/top-computer-science-schools/chapman-university-43199
198,#198 in Best Computer Science Schools (tie),The Catholic University of America,Washington,DC,"$2,485 per credit (full-time) | $2,245 per credit (part-time)",150,"The application fee is $60 for U.S. residents and $60 for international students. Its tuition is full-time: $2,485 per...",https://www.usnews.com/best-graduate-schools/top-computer-science-schools/the-catholic-university-of-america-43202
198,#198 in Best Computer Science Schools (tie),University of South Alabama,,AL,N/A,N/A,,https://www.usnews.com/best-graduate-schools/top-computer-science-schools/university-of-south-alabama-43950
202,#202 in Best Computer Science Schools (tie),LIU Post,,NY,N/A,N/A,,https://www.usnews.com/best-graduate-schools/top-computer-science-schools/long-island-university-43175
202,#202 in Best Computer Science Schools (tie),University of Bridgeport,,CT,N/A,N/A,,https://www.usnews.com/best-graduate-schools/top-computer-science-schools/university-of-bridgeport-43186
202,#202 in Best Computer Science Schools (tie),Walden University,,MN,N/A,N/A,,https://www.usnews.com/best-graduate-schools/top-computer-science-schools/walden-university-43171
205,#205 in Best Computer Science Schools,Capitol Technology University,,MD,N/A,N/A,,https://www.usnews.com/best-graduate-schools/top-computer-science-schools/capitol-technology-university-43300
